edate,value
1971-01-08,-1.407
1971-01-15,-1.424
1971-01-22,-1.439
1971-01-29,-1.452
1971-02-05,-1.462
1971-02-12,-1.470
1971-02-19,-1.476
1971-02-26,-1.478
1971-03-05,-1.477
1971-03-12,-1.474
1971-03-19,-1.468
1971-03-26,-1.460
1971-04-02,-1.450
1971-04-09,-1.437
1971-04-16,-1.423
1971-04-23,-1.408
1971-04-30,-1.392
1971-05-07,-1.375
1971-05-14,-1.357
1971-05-21,-1.339
1971-05-28,-1.321
1971-06-04,-1.303
1971-06-11,-1.285
1971-06-18,-1.267
1971-06-25,-1.249
1971-07-02,-1.231
1971-07-09,-1.214
1971-07-16,-1.198
1971-07-23,-1.182
1971-07-30,-1.166
1971-08-06,-1.151
1971-08-13,-1.136
1971-08-20,-1.122
1971-08-27,-1.109
1971-09-03,-1.096
1971-09-10,-1.083
1971-09-17,-1.071
1971-09-24,-1.059
1971-10-01,-1.047
1971-10-08,-1.035
1971-10-15,-1.024
1971-10-22,-1.013
1971-10-29,-1.002
1971-11-05,-0.991
1971-11-12,-0.981
1971-11-19,-0.970
1971-11-26,-0.959
1971-12-03,-0.949
1971-12-10,-0.938
1971-12-17,-0.927
1971-12-24,-0.916
1971-12-31,-0.905
1972-01-07,-0.894
1972-01-14,-0.882
1972-01-21,-0.869
1972-01-28,-0.856
1972-02-04,-0.842
1972-02-11,-0.827
1972-02-18,-0.812
1972-02-25,-0.796
1972-03-03,-0.779
1972-03-10,-0.762
1972-03-17,-0.743
1972-03-24,-0.725
1972-03-31,-0.705
1972-04-07,-0.685
1972-04-14,-0.665
1972-04-21,-0.645
1972-04-28,-0.624
1972-05-05,-0.603
1972-05-12,-0.582
1972-05-19,-0.561
1972-05-26,-0.541
1972-06-02,-0.520
1972-06-09,-0.500
1972-06-16,-0.480
1972-06-23,-0.460
1972-06-30,-0.441
1972-07-07,-0.422
1972-07-14,-0.403
1972-07-21,-0.385
1972-07-28,-0.367
1972-08-04,-0.350
1972-08-11,-0.334
1972-08-18,-0.318
1972-08-25,-0.303
1972-09-01,-0.288
1972-09-08,-0.274
1972-09-15,-0.260
1972-09-22,-0.246
1972-09-29,-0.233
1972-10-06,-0.220
1972-10-13,-0.207
1972-10-20,-0.193
1972-10-27,-0.180
1972-11-03,-0.166
1972-11-10,-0.152
1972-11-17,-0.137
1972-11-24,-0.121
1972-12-01,-0.105
1972-12-08,-0.088
1972-12-15,-0.070
1972-12-22,-0.051
1972-12-29,-0.032
1973-01-05,-0.011
1973-01-12,0.011
1973-01-19,0.034
1973-01-26,0.059
1973-02-02,0.084
1973-02-09,0.111
1973-02-16,0.139
1973-02-23,0.168
1973-03-02,0.198
1973-03-09,0.229
1973-03-16,0.260
1973-03-23,0.292
1973-03-30,0.324
1973-04-06,0.357
1973-04-13,0.388
1973-04-20,0.420
1973-04-27,0.450
1973-05-04,0.479
1973-05-11,0.507
1973-05-18,0.533
1973-05-25,0.559
1973-06-01,0.582
1973-06-08,0.604
1973-06-15,0.625
1973-06-22,0.644
1973-06-29,0.661
1973-07-06,0.677
1973-07-13,0.692
1973-07-20,0.706
1973-07-27,0.719
1973-08-03,0.730
1973-08-10,0.741
1973-08-17,0.751
1973-08-24,0.760
1973-08-31,0.768
1973-09-07,0.776
1973-09-14,0.783
1973-09-21,0.790
1973-09-28,0.797
1973-10-05,0.804
1973-10-12,0.810
1973-10-19,0.816
1973-10-26,0.822
1973-11-02,0.828
1973-11-09,0.834
1973-11-16,0.840
1973-11-23,0.845
1973-11-30,0.850
1973-12-07,0.855
1973-12-14,0.859
1973-12-21,0.862
1973-12-28,0.865
1974-01-04,0.866
1974-01-11,0.866
1974-01-18,0.865
1974-01-25,0.863
1974-02-01,0.859
1974-02-08,0.853
1974-02-15,0.845
1974-02-22,0.835
1974-03-01,0.824
1974-03-08,0.811
1974-03-15,0.796
1974-03-22,0.779
1974-03-29,0.762
1974-04-05,0.743
1974-04-12,0.723
1974-04-19,0.702
1974-04-26,0.681
1974-05-03,0.660
1974-05-10,0.638
1974-05-17,0.617
1974-05-24,0.596
1974-05-31,0.576
1974-06-07,0.556
1974-06-14,0.537
1974-06-21,0.519
1974-06-28,0.503
1974-07-05,0.487
1974-07-12,0.472
1974-07-19,0.459
1974-07-26,0.447
1974-08-02,0.436
1974-08-09,0.427
1974-08-16,0.419
1974-08-23,0.412
1974-08-30,0.405
1974-09-06,0.399
1974-09-13,0.394
1974-09-20,0.388
1974-09-27,0.381
1974-10-04,0.374
1974-10-11,0.365
1974-10-18,0.354
1974-10-25,0.341
1974-11-01,0.326
1974-11-08,0.307
1974-11-15,0.285
1974-11-22,0.261
1974-11-29,0.233
1974-12-06,0.202
1974-12-13,0.168
1974-12-20,0.132
1974-12-27,0.094
1975-01-03,0.054
1975-01-10,0.012
1975-01-17,-0.031
1975-01-24,-0.075
1975-01-31,-0.119
1975-02-07,-0.164
1975-02-14,-0.208
1975-02-21,-0.252
1975-02-28,-0.296
1975-03-07,-0.340
1975-03-14,-0.383
1975-03-21,-0.426
1975-03-28,-0.467
1975-04-04,-0.508
1975-04-11,-0.548
1975-04-18,-0.587
1975-04-25,-0.625
1975-05-02,-0.661
1975-05-09,-0.697
1975-05-16,-0.731
1975-05-23,-0.764
1975-05-30,-0.796
1975-06-06,-0.827
1975-06-13,-0.856
1975-06-20,-0.884
1975-06-27,-0.912
1975-07-04,-0.937
1975-07-11,-0.962
1975-07-18,-0.984
1975-07-25,-1.006
1975-08-01,-1.026
1975-08-08,-1.044
1975-08-15,-1.061
1975-08-22,-1.076
1975-08-29,-1.089
1975-09-05,-1.102
1975-09-12,-1.113
1975-09-19,-1.122
1975-09-26,-1.131
1975-10-03,-1.139
1975-10-10,-1.147
1975-10-17,-1.154
1975-10-24,-1.161
1975-10-31,-1.167
1975-11-07,-1.174
1975-11-14,-1.180
1975-11-21,-1.186
1975-11-28,-1.192
1975-12-05,-1.198
1975-12-12,-1.203
1975-12-19,-1.209
1975-12-26,-1.213
1976-01-02,-1.217
1976-01-09,-1.221
1976-01-16,-1.223
1976-01-23,-1.224
1976-01-30,-1.224
1976-02-06,-1.223
1976-02-13,-1.220
1976-02-20,-1.215
1976-02-27,-1.209
1976-03-05,-1.201
1976-03-12,-1.191
1976-03-19,-1.180
1976-03-26,-1.168
1976-04-02,-1.154
1976-04-09,-1.139
1976-04-16,-1.124
1976-04-23,-1.108
1976-04-30,-1.092
1976-05-07,-1.076
1976-05-14,-1.059
1976-05-21,-1.044
1976-05-28,-1.028
1976-06-04,-1.014
1976-06-11,-0.999
1976-06-18,-0.986
1976-06-25,-0.974
1976-07-02,-0.962
1976-07-09,-0.952
1976-07-16,-0.942
1976-07-23,-0.934
1976-07-30,-0.927
1976-08-06,-0.921
1976-08-13,-0.916
1976-08-20,-0.912
1976-08-27,-0.909
1976-09-03,-0.907
1976-09-10,-0.906
1976-09-17,-0.905
1976-09-24,-0.905
1976-10-01,-0.904
1976-10-08,-0.904
1976-10-15,-0.903
1976-10-22,-0.901
1976-10-29,-0.898
1976-11-05,-0.895
1976-11-12,-0.890
1976-11-19,-0.885
1976-11-26,-0.878
1976-12-03,-0.869
1976-12-10,-0.860
1976-12-17,-0.850
1976-12-24,-0.839
1976-12-31,-0.827
1977-01-07,-0.815
1977-01-14,-0.802
1977-01-21,-0.788
1977-01-28,-0.775
1977-02-04,-0.761
1977-02-11,-0.748
1977-02-18,-0.735
1977-02-25,-0.722
1977-03-04,-0.708
1977-03-11,-0.696
1977-03-18,-0.683
1977-03-25,-0.670
1977-04-01,-0.657
1977-04-08,-0.644
1977-04-15,-0.631
1977-04-22,-0.617
1977-04-29,-0.602
1977-05-06,-0.587
1977-05-13,-0.571
1977-05-20,-0.555
1977-05-27,-0.537
1977-06-03,-0.519
1977-06-10,-0.499
1977-06-17,-0.479
1977-06-24,-0.458
1977-07-01,-0.437
1977-07-08,-0.415
1977-07-15,-0.392
1977-07-22,-0.369
1977-07-29,-0.347
1977-08-05,-0.323
1977-08-12,-0.300
1977-08-19,-0.277
1977-08-26,-0.254
1977-09-02,-0.231
1977-09-09,-0.209
1977-09-16,-0.186
1977-09-23,-0.163
1977-09-30,-0.141
1977-10-07,-0.118
1977-10-14,-0.096
1977-10-21,-0.074
1977-10-28,-0.053
1977-11-04,-0.032
1977-11-11,-0.011
1977-11-18,0.009
1977-11-25,0.029
1977-12-02,0.048
1977-12-09,0.066
1977-12-16,0.083
1977-12-23,0.099
1977-12-30,0.114
1978-01-06,0.128
1978-01-13,0.140
1978-01-20,0.150
1978-01-27,0.159
1978-02-03,0.166
1978-02-10,0.172
1978-02-17,0.176
1978-02-24,0.179
1978-03-03,0.180
1978-03-10,0.180
1978-03-17,0.180
1978-03-24,0.179
1978-03-31,0.178
1978-04-07,0.178
1978-04-14,0.179
1978-04-21,0.182
1978-04-28,0.187
1978-05-05,0.193
1978-05-12,0.203
1978-05-19,0.215
1978-05-26,0.230
1978-06-02,0.248
1978-06-09,0.268
1978-06-16,0.290
1978-06-23,0.315
1978-06-30,0.341
1978-07-07,0.369
1978-07-14,0.397
1978-07-21,0.426
1978-07-28,0.455
1978-08-04,0.484
1978-08-11,0.512
1978-08-18,0.540
1978-08-25,0.566
1978-09-01,0.592
1978-09-08,0.617
1978-09-15,0.640
1978-09-22,0.663
1978-09-29,0.685
1978-10-06,0.706
1978-10-13,0.726
1978-10-20,0.747
1978-10-27,0.766
1978-11-03,0.786
1978-11-10,0.806
1978-11-17,0.826
1978-11-24,0.846
1978-12-01,0.866
1978-12-08,0.887
1978-12-15,0.908
1978-12-22,0.929
1978-12-29,0.951
1979-01-05,0.972
1979-01-12,0.994
1979-01-19,1.015
1979-01-26,1.036
1979-02-02,1.057
1979-02-09,1.076
1979-02-16,1.095
1979-02-23,1.114
1979-03-02,1.131
1979-03-09,1.147
1979-03-16,1.163
1979-03-23,1.177
1979-03-30,1.190
1979-04-06,1.202
1979-04-13,1.214
1979-04-20,1.224
1979-04-27,1.233
1979-05-04,1.242
1979-05-11,1.250
1979-05-18,1.257
1979-05-25,1.263
1979-06-01,1.269
1979-06-08,1.275
1979-06-15,1.280
1979-06-22,1.285
1979-06-29,1.291
1979-07-06,1.296
1979-07-13,1.302
1979-07-20,1.308
1979-07-27,1.314
1979-08-03,1.321
1979-08-10,1.329
1979-08-17,1.338
1979-08-24,1.347
1979-08-31,1.357
1979-09-07,1.367
1979-09-14,1.377
1979-09-21,1.388
1979-09-28,1.399
1979-10-05,1.410
1979-10-12,1.420
1979-10-19,1.430
1979-10-26,1.439
1979-11-02,1.448
1979-11-09,1.457
1979-11-16,1.464
1979-11-23,1.472
1979-11-30,1.478
1979-12-07,1.485
1979-12-14,1.491
1979-12-21,1.497
1979-12-28,1.503
1980-01-04,1.509
1980-01-11,1.515
1980-01-18,1.521
1980-01-25,1.528
1980-02-01,1.535
1980-02-08,1.543
1980-02-15,1.550
1980-02-22,1.558
1980-02-29,1.565
1980-03-07,1.572
1980-03-14,1.579
1980-03-21,1.584
1980-03-28,1.587
1980-04-04,1.589
1980-04-11,1.588
1980-04-18,1.584
1980-04-25,1.576
1980-05-02,1.565
1980-05-09,1.550
1980-05-16,1.530
1980-05-23,1.506
1980-05-30,1.478
1980-06-06,1.445
1980-06-13,1.410
1980-06-20,1.371
1980-06-27,1.329
1980-07-04,1.286
1980-07-11,1.242
1980-07-18,1.197
1980-07-25,1.153
1980-08-01,1.109
1980-08-08,1.067
1980-08-15,1.026
1980-08-22,0.988
1980-08-29,0.952
1980-09-05,0.918
1980-09-12,0.886
1980-09-19,0.857
1980-09-26,0.831
1980-10-03,0.807
1980-10-10,0.786
1980-10-17,0.767
1980-10-24,0.751
1980-10-31,0.737
1980-11-07,0.726
1980-11-14,0.717
1980-11-21,0.711
1980-11-28,0.707
1980-12-05,0.705
1980-12-12,0.706
1980-12-19,0.708
1980-12-26,0.712
1981-01-02,0.718
1981-01-09,0.725
1981-01-16,0.734
1981-01-23,0.744
1981-01-30,0.756
1981-02-06,0.768
1981-02-13,0.782
1981-02-20,0.796
1981-02-27,0.811
1981-03-06,0.826
1981-03-13,0.841
1981-03-20,0.857
1981-03-27,0.871
1981-04-03,0.885
1981-04-10,0.898
1981-04-17,0.910
1981-04-24,0.920
1981-05-01,0.928
1981-05-08,0.934
1981-05-15,0.938
1981-05-22,0.941
1981-05-29,0.941
1981-06-05,0.940
1981-06-12,0.938
1981-06-19,0.935
1981-06-26,0.931
1981-07-03,0.926
1981-07-10,0.922
1981-07-17,0.918
1981-07-24,0.915
1981-07-31,0.912
1981-08-07,0.911
1981-08-14,0.910
1981-08-21,0.911
1981-08-28,0.913
1981-09-04,0.916
1981-09-11,0.920
1981-09-18,0.925
1981-09-25,0.930
1981-10-02,0.934
1981-10-09,0.939
1981-10-16,0.942
1981-10-23,0.943
1981-10-30,0.943
1981-11-06,0.941
1981-11-13,0.936
1981-11-20,0.928
1981-11-27,0.917
1981-12-04,0.904
1981-12-11,0.887
1981-12-18,0.868
1981-12-25,0.846
1982-01-01,0.823
1982-01-08,0.797
1982-01-15,0.769
1982-01-22,0.741
1982-01-29,0.711
1982-02-05,0.681
1982-02-12,0.650
1982-02-19,0.620
1982-02-26,0.589
1982-03-05,0.559
1982-03-12,0.529
1982-03-19,0.499
1982-03-26,0.470
1982-04-02,0.441
1982-04-09,0.413
1982-04-16,0.385
1982-04-23,0.358
1982-04-30,0.331
1982-05-07,0.304
1982-05-14,0.278
1982-05-21,0.251
1982-05-28,0.225
1982-06-04,0.199
1982-06-11,0.172
1982-06-18,0.145
1982-06-25,0.118
1982-07-02,0.090
1982-07-09,0.062
1982-07-16,0.033
1982-07-23,0.004
1982-07-30,-0.025
1982-08-06,-0.055
1982-08-13,-0.086
1982-08-20,-0.116
1982-08-27,-0.148
1982-09-03,-0.179
1982-09-10,-0.211
1982-09-17,-0.243
1982-09-24,-0.274
1982-10-01,-0.306
1982-10-08,-0.337
1982-10-15,-0.368
1982-10-22,-0.398
1982-10-29,-0.427
1982-11-05,-0.455
1982-11-12,-0.482
1982-11-19,-0.509
1982-11-26,-0.534
1982-12-03,-0.558
1982-12-10,-0.581
1982-12-17,-0.603
1982-12-24,-0.623
1982-12-31,-0.643
1983-01-07,-0.662
1983-01-14,-0.680
1983-01-21,-0.698
1983-01-28,-0.714
1983-02-04,-0.729
1983-02-11,-0.744
1983-02-18,-0.758
1983-02-25,-0.771
1983-03-04,-0.783
1983-03-11,-0.794
1983-03-18,-0.804
1983-03-25,-0.813
1983-04-01,-0.822
1983-04-08,-0.829
1983-04-15,-0.835
1983-04-22,-0.839
1983-04-29,-0.843
1983-05-06,-0.844
1983-05-13,-0.844
1983-05-20,-0.843
1983-05-27,-0.840
1983-06-03,-0.835
1983-06-10,-0.829
1983-06-17,-0.821
1983-06-24,-0.812
1983-07-01,-0.802
1983-07-08,-0.790
1983-07-15,-0.778
1983-07-22,-0.764
1983-07-29,-0.749
1983-08-05,-0.734
1983-08-12,-0.718
1983-08-19,-0.702
1983-08-26,-0.685
1983-09-02,-0.667
1983-09-09,-0.649
1983-09-16,-0.630
1983-09-23,-0.611
1983-09-30,-0.591
1983-10-07,-0.571
1983-10-14,-0.551
1983-10-21,-0.530
1983-10-28,-0.509
1983-11-04,-0.487
1983-11-11,-0.465
1983-11-18,-0.443
1983-11-25,-0.420
1983-12-02,-0.396
1983-12-09,-0.373
1983-12-16,-0.349
1983-12-23,-0.324
1983-12-30,-0.300
1984-01-06,-0.275
1984-01-13,-0.250
1984-01-20,-0.225
1984-01-27,-0.200
1984-02-03,-0.175
1984-02-10,-0.150
1984-02-17,-0.125
1984-02-24,-0.100
1984-03-02,-0.076
1984-03-09,-0.051
1984-03-16,-0.026
1984-03-23,-0.002
1984-03-30,0.022
1984-04-06,0.046
1984-04-13,0.070
1984-04-20,0.094
1984-04-27,0.118
1984-05-04,0.142
1984-05-11,0.165
1984-05-18,0.188
1984-05-25,0.211
1984-06-01,0.234
1984-06-08,0.257
1984-06-15,0.279
1984-06-22,0.300
1984-06-29,0.321
1984-07-06,0.342
1984-07-13,0.362
1984-07-20,0.381
1984-07-27,0.400
1984-08-03,0.418
1984-08-10,0.435
1984-08-17,0.450
1984-08-24,0.465
1984-08-31,0.480
1984-09-07,0.493
1984-09-14,0.506
1984-09-21,0.517
1984-09-28,0.529
1984-10-05,0.539
1984-10-12,0.550
1984-10-19,0.560
1984-10-26,0.569
1984-11-02,0.579
1984-11-09,0.588
1984-11-16,0.598
1984-11-23,0.607
1984-11-30,0.616
1984-12-07,0.626
1984-12-14,0.635
1984-12-21,0.644
1984-12-28,0.653
1985-01-04,0.663
1985-01-11,0.672
1985-01-18,0.680
1985-01-25,0.689
1985-02-01,0.697
1985-02-08,0.705
1985-02-15,0.712
1985-02-22,0.719
1985-03-01,0.725
1985-03-08,0.731
1985-03-15,0.736
1985-03-22,0.740
1985-03-29,0.744
1985-04-05,0.746
1985-04-12,0.749
1985-04-19,0.750
1985-04-26,0.751
1985-05-03,0.751
1985-05-10,0.751
1985-05-17,0.750
1985-05-24,0.749
1985-05-31,0.747
1985-06-07,0.746
1985-06-14,0.744
1985-06-21,0.743
1985-06-28,0.742
1985-07-05,0.742
1985-07-12,0.742
1985-07-19,0.743
1985-07-26,0.745
1985-08-02,0.749
1985-08-09,0.753
1985-08-16,0.759
1985-08-23,0.766
1985-08-30,0.774
1985-09-06,0.783
1985-09-13,0.793
1985-09-20,0.803
1985-09-27,0.813
1985-10-04,0.823
1985-10-11,0.833
1985-10-18,0.842
1985-10-25,0.850
1985-11-01,0.857
1985-11-08,0.862
1985-11-15,0.866
1985-11-22,0.868
1985-11-29,0.869
1985-12-06,0.868
1985-12-13,0.865
1985-12-20,0.861
1985-12-27,0.857
1986-01-03,0.851
1986-01-10,0.844
1986-01-17,0.837
1986-01-24,0.830
1986-01-31,0.823
1986-02-07,0.815
1986-02-14,0.808
1986-02-21,0.802
1986-02-28,0.795
1986-03-07,0.790
1986-03-14,0.784
1986-03-21,0.779
1986-03-28,0.775
1986-04-04,0.771
1986-04-11,0.767
1986-04-18,0.764
1986-04-25,0.761
1986-05-02,0.759
1986-05-09,0.757
1986-05-16,0.756
1986-05-23,0.755
1986-05-30,0.755
1986-06-06,0.755
1986-06-13,0.756
1986-06-20,0.757
1986-06-27,0.759
1986-07-04,0.762
1986-07-11,0.766
1986-07-18,0.770
1986-07-25,0.776
1986-08-01,0.783
1986-08-08,0.791
1986-08-15,0.800
1986-08-22,0.811
1986-08-29,0.823
1986-09-05,0.836
1986-09-12,0.849
1986-09-19,0.864
1986-09-26,0.880
1986-10-03,0.895
1986-10-10,0.911
1986-10-17,0.927
1986-10-24,0.942
1986-10-31,0.957
1986-11-07,0.971
1986-11-14,0.984
1986-11-21,0.996
1986-11-28,1.007
1986-12-05,1.016
1986-12-12,1.024
1986-12-19,1.031
1986-12-26,1.037
1987-01-02,1.040
1987-01-09,1.043
1987-01-16,1.044
1987-01-23,1.043
1987-01-30,1.041
1987-02-06,1.037
1987-02-13,1.032
1987-02-20,1.026
1987-02-27,1.018
1987-03-06,1.009
1987-03-13,1.000
1987-03-20,0.989
1987-03-27,0.978
1987-04-03,0.967
1987-04-10,0.956
1987-04-17,0.944
1987-04-24,0.934
1987-05-01,0.924
1987-05-08,0.914
1987-05-15,0.906
1987-05-22,0.898
1987-05-29,0.892
1987-06-05,0.886
1987-06-12,0.882
1987-06-19,0.878
1987-06-26,0.875
1987-07-03,0.874
1987-07-10,0.873
1987-07-17,0.873
1987-07-24,0.874
1987-07-31,0.875
1987-08-07,0.878
1987-08-14,0.881
1987-08-21,0.884
1987-08-28,0.888
1987-09-04,0.892
1987-09-11,0.897
1987-09-18,0.902
1987-09-25,0.906
1987-10-02,0.911
1987-10-09,0.916
1987-10-16,0.920
1987-10-23,0.925
1987-10-30,0.928
1987-11-06,0.931
1987-11-13,0.934
1987-11-20,0.936
1987-11-27,0.937
1987-12-04,0.938
1987-12-11,0.939
1987-12-18,0.939
1987-12-25,0.938
1988-01-01,0.937
1988-01-08,0.936
1988-01-15,0.935
1988-01-22,0.934
1988-01-29,0.933
1988-02-05,0.932
1988-02-12,0.931
1988-02-19,0.930
1988-02-26,0.929
1988-03-04,0.929
1988-03-11,0.929
1988-03-18,0.930
1988-03-25,0.930
1988-04-01,0.932
1988-04-08,0.933
1988-04-15,0.935
1988-04-22,0.937
1988-04-29,0.939
1988-05-06,0.941
1988-05-13,0.943
1988-05-20,0.946
1988-05-27,0.948
1988-06-03,0.951
1988-06-10,0.953
1988-06-17,0.955
1988-06-24,0.957
1988-07-01,0.958
1988-07-08,0.959
1988-07-15,0.960
1988-07-22,0.960
1988-07-29,0.960
1988-08-05,0.959
1988-08-12,0.958
1988-08-19,0.956
1988-08-26,0.953
1988-09-02,0.950
1988-09-09,0.947
1988-09-16,0.943
1988-09-23,0.940
1988-09-30,0.936
1988-10-07,0.932
1988-10-14,0.929
1988-10-21,0.926
1988-10-28,0.923
1988-11-04,0.921
1988-11-11,0.920
1988-11-18,0.919
1988-11-25,0.919
1988-12-02,0.920
1988-12-09,0.922
1988-12-16,0.924
1988-12-23,0.927
1988-12-30,0.930
1989-01-06,0.933
1989-01-13,0.937
1989-01-20,0.941
1989-01-27,0.945
1989-02-03,0.949
1989-02-10,0.952
1989-02-17,0.955
1989-02-24,0.958
1989-03-03,0.960
1989-03-10,0.962
1989-03-17,0.963
1989-03-24,0.964
1989-03-31,0.964
1989-04-07,0.964
1989-04-14,0.963
1989-04-21,0.961
1989-04-28,0.959
1989-05-05,0.957
1989-05-12,0.954
1989-05-19,0.952
1989-05-26,0.949
1989-06-02,0.946
1989-06-09,0.943
1989-06-16,0.940
1989-06-23,0.938
1989-06-30,0.936
1989-07-07,0.935
1989-07-14,0.934
1989-07-21,0.934
1989-07-28,0.934
1989-08-04,0.935
1989-08-11,0.937
1989-08-18,0.940
1989-08-25,0.944
1989-09-01,0.947
1989-09-08,0.952
1989-09-15,0.956
1989-09-22,0.960
1989-09-29,0.964
1989-10-06,0.967
1989-10-13,0.970
1989-10-20,0.971
1989-10-27,0.972
1989-11-03,0.971
1989-11-10,0.968
1989-11-17,0.964
1989-11-24,0.958
1989-12-01,0.951
1989-12-08,0.943
1989-12-15,0.934
1989-12-22,0.923
1989-12-29,0.913
1990-01-05,0.902
1990-01-12,0.892
1990-01-19,0.882
1990-01-26,0.872
1990-02-02,0.864
1990-02-09,0.857
1990-02-16,0.852
1990-02-23,0.848
1990-03-02,0.845
1990-03-09,0.844
1990-03-16,0.844
1990-03-23,0.845
1990-03-30,0.848
1990-04-06,0.850
1990-04-13,0.853
1990-04-20,0.856
1990-04-27,0.859
1990-05-04,0.861
1990-05-11,0.862
1990-05-18,0.863
1990-05-25,0.862
1990-06-01,0.861
1990-06-08,0.858
1990-06-15,0.854
1990-06-22,0.849
1990-06-29,0.843
1990-07-06,0.836
1990-07-13,0.829
1990-07-20,0.820
1990-07-27,0.811
1990-08-03,0.801
1990-08-10,0.790
1990-08-17,0.779
1990-08-24,0.768
1990-08-31,0.756
1990-09-07,0.744
1990-09-14,0.731
1990-09-21,0.719
1990-09-28,0.706
1990-10-05,0.692
1990-10-12,0.678
1990-10-19,0.663
1990-10-26,0.648
1990-11-02,0.632
1990-11-09,0.615
1990-11-16,0.598
1990-11-23,0.579
1990-11-30,0.559
1990-12-07,0.539
1990-12-14,0.517
1990-12-21,0.494
1990-12-28,0.470
1991-01-04,0.445
1991-01-11,0.420
1991-01-18,0.393
1991-01-25,0.365
1991-02-01,0.336
1991-02-08,0.307
1991-02-15,0.276
1991-02-22,0.245
1991-03-01,0.213
1991-03-08,0.180
1991-03-15,0.146
1991-03-22,0.112
1991-03-29,0.077
1991-04-05,0.043
1991-04-12,0.008
1991-04-19,-0.027
1991-04-26,-0.062
1991-05-03,-0.097
1991-05-10,-0.130
1991-05-17,-0.164
1991-05-24,-0.197
1991-05-31,-0.228
1991-06-07,-0.260
1991-06-14,-0.290
1991-06-21,-0.319
1991-06-28,-0.347
1991-07-05,-0.374
1991-07-12,-0.400
1991-07-19,-0.425
1991-07-26,-0.448
1991-08-02,-0.470
1991-08-09,-0.490
1991-08-16,-0.510
1991-08-23,-0.528
1991-08-30,-0.544
1991-09-06,-0.560
1991-09-13,-0.575
1991-09-20,-0.590
1991-09-27,-0.604
1991-10-04,-0.618
1991-10-11,-0.632
1991-10-18,-0.646
1991-10-25,-0.661
1991-11-01,-0.676
1991-11-08,-0.692
1991-11-15,-0.709
1991-11-22,-0.727
1991-11-29,-0.745
1991-12-06,-0.764
1991-12-13,-0.784
1991-12-20,-0.805
1991-12-27,-0.826
1992-01-03,-0.847
1992-01-10,-0.867
1992-01-17,-0.888
1992-01-24,-0.908
1992-01-31,-0.927
1992-02-07,-0.945
1992-02-14,-0.963
1992-02-21,-0.979
1992-02-28,-0.994
1992-03-06,-1.008
1992-03-13,-1.021
1992-03-20,-1.032
1992-03-27,-1.043
1992-04-03,-1.052
1992-04-10,-1.060
1992-04-17,-1.068
1992-04-24,-1.074
1992-05-01,-1.080
1992-05-08,-1.084
1992-05-15,-1.089
1992-05-22,-1.093
1992-05-29,-1.096
1992-06-05,-1.099
1992-06-12,-1.102
1992-06-19,-1.104
1992-06-26,-1.107
1992-07-03,-1.109
1992-07-10,-1.112
1992-07-17,-1.115
1992-07-24,-1.118
1992-07-31,-1.121
1992-08-07,-1.125
1992-08-14,-1.129
1992-08-21,-1.133
1992-08-28,-1.137
1992-09-04,-1.141
1992-09-11,-1.146
1992-09-18,-1.150
1992-09-25,-1.154
1992-10-02,-1.158
1992-10-09,-1.161
1992-10-16,-1.164
1992-10-23,-1.166
1992-10-30,-1.168
1992-11-06,-1.168
1992-11-13,-1.168
1992-11-20,-1.167
1992-11-27,-1.166
1992-12-04,-1.163
1992-12-11,-1.160
1992-12-18,-1.156
1992-12-25,-1.151
1993-01-01,-1.146
1993-01-08,-1.141
1993-01-15,-1.136
1993-01-22,-1.130
1993-01-29,-1.125
1993-02-05,-1.120
1993-02-12,-1.115
1993-02-19,-1.110
1993-02-26,-1.106
1993-03-05,-1.103
1993-03-12,-1.099
1993-03-19,-1.096
1993-03-26,-1.094
1993-04-02,-1.091
1993-04-09,-1.089
1993-04-16,-1.087
1993-04-23,-1.084
1993-04-30,-1.082
1993-05-07,-1.080
1993-05-14,-1.077
1993-05-21,-1.074
1993-05-28,-1.071
1993-06-04,-1.067
1993-06-11,-1.064
1993-06-18,-1.060
1993-06-25,-1.056
1993-07-02,-1.051
1993-07-09,-1.047
1993-07-16,-1.042
1993-07-23,-1.037
1993-07-30,-1.033
1993-08-06,-1.028
1993-08-13,-1.023
1993-08-20,-1.018
1993-08-27,-1.014
1993-09-03,-1.009
1993-09-10,-1.004
1993-09-17,-1.000
1993-09-24,-0.995
1993-10-01,-0.990
1993-10-08,-0.985
1993-10-15,-0.979
1993-10-22,-0.973
1993-10-29,-0.966
1993-11-05,-0.959
1993-11-12,-0.952
1993-11-19,-0.944
1993-11-26,-0.935
1993-12-03,-0.925
1993-12-10,-0.915
1993-12-17,-0.904
1993-12-24,-0.893
1993-12-31,-0.882
1994-01-07,-0.870
1994-01-14,-0.858
1994-01-21,-0.846
1994-01-28,-0.833
1994-02-04,-0.821
1994-02-11,-0.809
1994-02-18,-0.796
1994-02-25,-0.784
1994-03-04,-0.772
1994-03-11,-0.760
1994-03-18,-0.748
1994-03-25,-0.736
1994-04-01,-0.724
1994-04-08,-0.711
1994-04-15,-0.699
1994-04-22,-0.687
1994-04-29,-0.674
1994-05-06,-0.661
1994-05-13,-0.648
1994-05-20,-0.635
1994-05-27,-0.621
1994-06-03,-0.608
1994-06-10,-0.594
1994-06-17,-0.580
1994-06-24,-0.566
1994-07-01,-0.552
1994-07-08,-0.538
1994-07-15,-0.525
1994-07-22,-0.512
1994-07-29,-0.499
1994-08-05,-0.486
1994-08-12,-0.474
1994-08-19,-0.462
1994-08-26,-0.451
1994-09-02,-0.440
1994-09-09,-0.430
1994-09-16,-0.419
1994-09-23,-0.409
1994-09-30,-0.399
1994-10-07,-0.388
1994-10-14,-0.378
1994-10-21,-0.367
1994-10-28,-0.356
1994-11-04,-0.344
1994-11-11,-0.332
1994-11-18,-0.320
1994-11-25,-0.306
1994-12-02,-0.293
1994-12-09,-0.278
1994-12-16,-0.263
1994-12-23,-0.248
1994-12-30,-0.233
1995-01-06,-0.218
1995-01-13,-0.203
1995-01-20,-0.188
1995-01-27,-0.174
1995-02-03,-0.161
1995-02-10,-0.149
1995-02-17,-0.138
1995-02-24,-0.127
1995-03-03,-0.119
1995-03-10,-0.111
1995-03-17,-0.105
1995-03-24,-0.100
1995-03-31,-0.096
1995-04-07,-0.093
1995-04-14,-0.092
1995-04-21,-0.092
1995-04-28,-0.093
1995-05-05,-0.095
1995-05-12,-0.099
1995-05-19,-0.103
1995-05-26,-0.108
1995-06-02,-0.113
1995-06-09,-0.120
1995-06-16,-0.127
1995-06-23,-0.134
1995-06-30,-0.141
1995-07-07,-0.149
1995-07-14,-0.156
1995-07-21,-0.163
1995-07-28,-0.169
1995-08-04,-0.174
1995-08-11,-0.179
1995-08-18,-0.182
1995-08-25,-0.185
1995-09-01,-0.187
1995-09-08,-0.188
1995-09-15,-0.189
1995-09-22,-0.188
1995-09-29,-0.187
1995-10-06,-0.185
1995-10-13,-0.183
1995-10-20,-0.181
1995-10-27,-0.178
1995-11-03,-0.175
1995-11-10,-0.172
1995-11-17,-0.169
1995-11-24,-0.167
1995-12-01,-0.164
1995-12-08,-0.162
1995-12-15,-0.160
1995-12-22,-0.158
1995-12-29,-0.157
1996-01-05,-0.156
1996-01-12,-0.155
1996-01-19,-0.155
1996-01-26,-0.155
1996-02-02,-0.156
1996-02-09,-0.157
1996-02-16,-0.159
1996-02-23,-0.160
1996-03-01,-0.162
1996-03-08,-0.164
1996-03-15,-0.166
1996-03-22,-0.168
1996-03-29,-0.170
1996-04-05,-0.171
1996-04-12,-0.172
1996-04-19,-0.173
1996-04-26,-0.172
1996-05-03,-0.171
1996-05-10,-0.169
1996-05-17,-0.167
1996-05-24,-0.163
1996-05-31,-0.159
1996-06-07,-0.154
1996-06-14,-0.148
1996-06-21,-0.142
1996-06-28,-0.135
1996-07-05,-0.128
1996-07-12,-0.120
1996-07-19,-0.113
1996-07-26,-0.106
1996-08-02,-0.099
1996-08-09,-0.092
1996-08-16,-0.086
1996-08-23,-0.080
1996-08-30,-0.075
1996-09-06,-0.070
1996-09-13,-0.066
1996-09-20,-0.062
1996-09-27,-0.058
1996-10-04,-0.055
1996-10-11,-0.052
1996-10-18,-0.049
1996-10-25,-0.047
1996-11-01,-0.045
1996-11-08,-0.042
1996-11-15,-0.040
1996-11-22,-0.038
1996-11-29,-0.035
1996-12-06,-0.033
1996-12-13,-0.030
1996-12-20,-0.027
1996-12-27,-0.023
1997-01-03,-0.019
1997-01-10,-0.015
1997-01-17,-0.011
1997-01-24,-0.006
1997-01-31,-0.001
1997-02-07,0.004
1997-02-14,0.010
1997-02-21,0.016
1997-02-28,0.022
1997-03-07,0.029
1997-03-14,0.035
1997-03-21,0.042
1997-03-28,0.048
1997-04-04,0.054
1997-04-11,0.060
1997-04-18,0.066
1997-04-25,0.071
1997-05-02,0.076
1997-05-09,0.080
1997-05-16,0.083
1997-05-23,0.086
1997-05-30,0.089
1997-06-06,0.090
1997-06-13,0.092
1997-06-20,0.093
1997-06-27,0.093
1997-07-04,0.094
1997-07-11,0.094
1997-07-18,0.094
1997-07-25,0.095
1997-08-01,0.095
1997-08-08,0.096
1997-08-15,0.097
1997-08-22,0.099
1997-08-29,0.100
1997-09-05,0.103
1997-09-12,0.105
1997-09-19,0.109
1997-09-26,0.112
1997-10-03,0.117
1997-10-10,0.121
1997-10-17,0.126
1997-10-24,0.132
1997-10-31,0.138
1997-11-07,0.144
1997-11-14,0.150
1997-11-21,0.157
1997-11-28,0.164
1997-12-05,0.171
1997-12-12,0.178
1997-12-19,0.185
1997-12-26,0.192
1998-01-02,0.199
1998-01-09,0.205
1998-01-16,0.211
1998-01-23,0.216
1998-01-30,0.221
1998-02-06,0.225
1998-02-13,0.228
1998-02-20,0.231
1998-02-27,0.232
1998-03-06,0.233
1998-03-13,0.234
1998-03-20,0.233
1998-03-27,0.233
1998-04-03,0.232
1998-04-10,0.230
1998-04-17,0.229
1998-04-24,0.227
1998-05-01,0.226
1998-05-08,0.225
1998-05-15,0.224
1998-05-22,0.223
1998-05-29,0.222
1998-06-05,0.221
1998-06-12,0.221
1998-06-19,0.220
1998-06-26,0.220
1998-07-03,0.221
1998-07-10,0.221
1998-07-17,0.221
1998-07-24,0.222
1998-07-31,0.222
1998-08-07,0.223
1998-08-14,0.224
1998-08-21,0.226
1998-08-28,0.227
1998-09-04,0.229
1998-09-11,0.231
1998-09-18,0.234
1998-09-25,0.237
1998-10-02,0.240
1998-10-09,0.245
1998-10-16,0.250
1998-10-23,0.256
1998-10-30,0.262
1998-11-06,0.270
1998-11-13,0.278
1998-11-20,0.287
1998-11-27,0.298
1998-12-04,0.308
1998-12-11,0.320
1998-12-18,0.331
1998-12-25,0.343
1999-01-01,0.355
1999-01-08,0.367
1999-01-15,0.378
1999-01-22,0.388
1999-01-29,0.397
1999-02-05,0.405
1999-02-12,0.412
1999-02-19,0.418
1999-02-26,0.422
1999-03-05,0.425
1999-03-12,0.427
1999-03-19,0.428
1999-03-26,0.428
1999-04-02,0.428
1999-04-09,0.427
1999-04-16,0.426
1999-04-23,0.425
1999-04-30,0.424
1999-05-07,0.425
1999-05-14,0.426
1999-05-21,0.428
1999-05-28,0.430
1999-06-04,0.434
1999-06-11,0.439
1999-06-18,0.445
1999-06-25,0.452
1999-07-02,0.459
1999-07-09,0.467
1999-07-16,0.475
1999-07-23,0.483
1999-07-30,0.492
1999-08-06,0.500
1999-08-13,0.508
1999-08-20,0.515
1999-08-27,0.522
1999-09-03,0.528
1999-09-10,0.534
1999-09-17,0.539
1999-09-24,0.543
1999-10-01,0.547
1999-10-08,0.550
1999-10-15,0.552
1999-10-22,0.554
1999-10-29,0.556
1999-11-05,0.558
1999-11-12,0.559
1999-11-19,0.560
1999-11-26,0.562
1999-12-03,0.563
1999-12-10,0.565
1999-12-17,0.567
1999-12-24,0.569
1999-12-31,0.572
2000-01-07,0.575
2000-01-14,0.579
2000-01-21,0.584
2000-01-28,0.590
2000-02-04,0.596
2000-02-11,0.604
2000-02-18,0.612
2000-02-25,0.621
2000-03-03,0.630
2000-03-10,0.640
2000-03-17,0.651
2000-03-24,0.662
2000-03-31,0.674
2000-04-07,0.685
2000-04-14,0.696
2000-04-21,0.707
2000-04-28,0.718
2000-05-05,0.728
2000-05-12,0.737
2000-05-19,0.745
2000-05-26,0.753
2000-06-02,0.759
2000-06-09,0.765
2000-06-16,0.770
2000-06-23,0.774
2000-06-30,0.778
2000-07-07,0.780
2000-07-14,0.783
2000-07-21,0.784
2000-07-28,0.785
2000-08-04,0.785
2000-08-11,0.785
2000-08-18,0.785
2000-08-25,0.784
2000-09-01,0.783
2000-09-08,0.782
2000-09-15,0.780
2000-09-22,0.779
2000-09-29,0.777
2000-10-06,0.775
2000-10-13,0.772
2000-10-20,0.770
2000-10-27,0.768
2000-11-03,0.765
2000-11-10,0.762
2000-11-17,0.760
2000-11-24,0.757
2000-12-01,0.754
2000-12-08,0.751
2000-12-15,0.748
2000-12-22,0.745
2000-12-29,0.742
2001-01-05,0.739
2001-01-12,0.737
2001-01-19,0.734
2001-01-26,0.732
2001-02-02,0.729
2001-02-09,0.727
2001-02-16,0.726
2001-02-23,0.724
2001-03-02,0.723
2001-03-09,0.722
2001-03-16,0.721
2001-03-23,0.720
2001-03-30,0.719
2001-04-06,0.719
2001-04-13,0.718
2001-04-20,0.717
2001-04-27,0.716
2001-05-04,0.714
2001-05-11,0.712
2001-05-18,0.710
2001-05-25,0.707
2001-06-01,0.704
2001-06-08,0.700
2001-06-15,0.695
2001-06-22,0.690
2001-06-29,0.684
2001-07-06,0.677
2001-07-13,0.669
2001-07-20,0.661
2001-07-27,0.652
2001-08-03,0.642
2001-08-10,0.632
2001-08-17,0.621
2001-08-24,0.610
2001-08-31,0.598
2001-09-07,0.587
2001-09-14,0.575
2001-09-21,0.563
2001-09-28,0.551
2001-10-05,0.540
2001-10-12,0.530
2001-10-19,0.520
2001-10-26,0.512
2001-11-02,0.505
2001-11-09,0.499
2001-11-16,0.495
2001-11-23,0.492
2001-11-30,0.490
2001-12-07,0.490
2001-12-14,0.491
2001-12-21,0.492
2001-12-28,0.494
2002-01-04,0.497
2002-01-11,0.500
2002-01-18,0.503
2002-01-25,0.506
2002-02-01,0.508
2002-02-08,0.510
2002-02-15,0.511
2002-02-22,0.512
2002-03-01,0.511
2002-03-08,0.510
2002-03-15,0.508
2002-03-22,0.505
2002-03-29,0.501
2002-04-05,0.497
2002-04-12,0.492
2002-04-19,0.487
2002-04-26,0.481
2002-05-03,0.475
2002-05-10,0.469
2002-05-17,0.463
2002-05-24,0.458
2002-05-31,0.452
2002-06-07,0.446
2002-06-14,0.441
2002-06-21,0.437
2002-06-28,0.432
2002-07-05,0.428
2002-07-12,0.425
2002-07-19,0.422
2002-07-26,0.419
2002-08-02,0.417
2002-08-09,0.416
2002-08-16,0.414
2002-08-23,0.414
2002-08-30,0.413
2002-09-06,0.413
2002-09-13,0.413
2002-09-20,0.413
2002-09-27,0.413
2002-10-04,0.413
2002-10-11,0.412
2002-10-18,0.411
2002-10-25,0.410
2002-11-01,0.408
2002-11-08,0.406
2002-11-15,0.403
2002-11-22,0.399
2002-11-29,0.395
2002-12-06,0.390
2002-12-13,0.385
2002-12-20,0.379
2002-12-27,0.372
2003-01-03,0.366
2003-01-10,0.358
2003-01-17,0.351
2003-01-24,0.343
2003-01-31,0.335
2003-02-07,0.327
2003-02-14,0.319
2003-02-21,0.311
2003-02-28,0.302
2003-03-07,0.294
2003-03-14,0.285
2003-03-21,0.277
2003-03-28,0.269
2003-04-04,0.260
2003-04-11,0.252
2003-04-18,0.244
2003-04-25,0.236
2003-05-02,0.228
2003-05-09,0.220
2003-05-16,0.213
2003-05-23,0.206
2003-05-30,0.199
2003-06-06,0.192
2003-06-13,0.186
2003-06-20,0.180
2003-06-27,0.174
2003-07-04,0.169
2003-07-11,0.165
2003-07-18,0.161
2003-07-25,0.158
2003-08-01,0.156
2003-08-08,0.155
2003-08-15,0.155
2003-08-22,0.156
2003-08-29,0.157
2003-09-05,0.160
2003-09-12,0.164
2003-09-19,0.168
2003-09-26,0.173
2003-10-03,0.179
2003-10-10,0.185
2003-10-17,0.192
2003-10-24,0.200
2003-10-31,0.208
2003-11-07,0.216
2003-11-14,0.225
2003-11-21,0.234
2003-11-28,0.243
2003-12-05,0.252
2003-12-12,0.261
2003-12-19,0.271
2003-12-26,0.280
2004-01-02,0.290
2004-01-09,0.299
2004-01-16,0.309
2004-01-23,0.318
2004-01-30,0.327
2004-02-06,0.336
2004-02-13,0.345
2004-02-20,0.354
2004-02-27,0.362
2004-03-05,0.371
2004-03-12,0.379
2004-03-19,0.387
2004-03-26,0.396
2004-04-02,0.404
2004-04-09,0.412
2004-04-16,0.421
2004-04-23,0.429
2004-04-30,0.438
2004-05-07,0.447
2004-05-14,0.456
2004-05-21,0.466
2004-05-28,0.476
2004-06-04,0.486
2004-06-11,0.496
2004-06-18,0.507
2004-06-25,0.517
2004-07-02,0.528
2004-07-09,0.540
2004-07-16,0.551
2004-07-23,0.563
2004-07-30,0.574
2004-08-06,0.586
2004-08-13,0.598
2004-08-20,0.609
2004-08-27,0.621
2004-09-03,0.633
2004-09-10,0.645
2004-09-17,0.657
2004-09-24,0.669
2004-10-01,0.681
2004-10-08,0.693
2004-10-15,0.705
2004-10-22,0.717
2004-10-29,0.730
2004-11-05,0.742
2004-11-12,0.755
2004-11-19,0.767
2004-11-26,0.780
2004-12-03,0.793
2004-12-10,0.806
2004-12-17,0.820
2004-12-24,0.833
2004-12-31,0.847
2005-01-07,0.861
2005-01-14,0.874
2005-01-21,0.889
2005-01-28,0.903
2005-02-04,0.917
2005-02-11,0.932
2005-02-18,0.946
2005-02-25,0.961
2005-03-04,0.976
2005-03-11,0.991
2005-03-18,1.005
2005-03-25,1.020
2005-04-01,1.035
2005-04-08,1.050
2005-04-15,1.065
2005-04-22,1.081
2005-04-29,1.096
2005-05-06,1.111
2005-05-13,1.127
2005-05-20,1.143
2005-05-27,1.159
2005-06-03,1.176
2005-06-10,1.192
2005-06-17,1.210
2005-06-24,1.227
2005-07-01,1.246
2005-07-08,1.265
2005-07-15,1.284
2005-07-22,1.304
2005-07-29,1.325
2005-08-05,1.347
2005-08-12,1.369
2005-08-19,1.392
2005-08-26,1.415
2005-09-02,1.439
2005-09-09,1.463
2005-09-16,1.488
2005-09-23,1.513
2005-09-30,1.537
2005-10-07,1.562
2005-10-14,1.586
2005-10-21,1.609
2005-10-28,1.632
2005-11-04,1.653
2005-11-11,1.674
2005-11-18,1.694
2005-11-25,1.713
2005-12-02,1.731
2005-12-09,1.749
2005-12-16,1.765
2005-12-23,1.781
2005-12-30,1.797
2006-01-06,1.813
2006-01-13,1.828
2006-01-20,1.844
2006-01-27,1.861
2006-02-03,1.878
2006-02-10,1.895
2006-02-17,1.914
2006-02-24,1.933
2006-03-03,1.953
2006-03-10,1.974
2006-03-17,1.995
2006-03-24,2.017
2006-03-31,2.039
2006-04-07,2.062
2006-04-14,2.084
2006-04-21,2.107
2006-04-28,2.128
2006-05-05,2.150
2006-05-12,2.170
2006-05-19,2.190
2006-05-26,2.209
2006-06-02,2.227
2006-06-09,2.244
2006-06-16,2.259
2006-06-23,2.274
2006-06-30,2.288
2006-07-07,2.302
2006-07-14,2.314
2006-07-21,2.326
2006-07-28,2.337
2006-08-04,2.348
2006-08-11,2.358
2006-08-18,2.368
2006-08-25,2.377
2006-09-01,2.387
2006-09-08,2.396
2006-09-15,2.405
2006-09-22,2.414
2006-09-29,2.423
2006-10-06,2.431
2006-10-13,2.440
2006-10-20,2.449
2006-10-27,2.458
2006-11-03,2.466
2006-11-10,2.475
2006-11-17,2.484
2006-11-24,2.493
2006-12-01,2.501
2006-12-08,2.510
2006-12-15,2.519
2006-12-22,2.528
2006-12-29,2.536
2007-01-05,2.545
2007-01-12,2.553
2007-01-19,2.562
2007-01-26,2.570
2007-02-02,2.579
2007-02-09,2.587
2007-02-16,2.596
2007-02-23,2.604
2007-03-02,2.612
2007-03-09,2.620
2007-03-16,2.629
2007-03-23,2.637
2007-03-30,2.645
2007-04-06,2.652
2007-04-13,2.660
2007-04-20,2.667
2007-04-27,2.675
2007-05-04,2.682
2007-05-11,2.688
2007-05-18,2.694
2007-05-25,2.700
2007-06-01,2.706
2007-06-08,2.711
2007-06-15,2.716
2007-06-22,2.720
2007-06-29,2.724
2007-07-06,2.727
2007-07-13,2.730
2007-07-20,2.733
2007-07-27,2.735
2007-08-03,2.736
2007-08-10,2.737
2007-08-17,2.738
2007-08-24,2.738
2007-08-31,2.738
2007-09-07,2.738
2007-09-14,2.738
2007-09-21,2.737
2007-09-28,2.736
2007-10-05,2.735
2007-10-12,2.734
2007-10-19,2.733
2007-10-26,2.732
2007-11-02,2.730
2007-11-09,2.729
2007-11-16,2.728
2007-11-23,2.726
2007-11-30,2.724
2007-12-07,2.722
2007-12-14,2.720
2007-12-21,2.717
2007-12-28,2.714
2008-01-04,2.709
2008-01-11,2.704
2008-01-18,2.697
2008-01-25,2.690
2008-02-01,2.681
2008-02-08,2.670
2008-02-15,2.658
2008-02-22,2.645
2008-02-29,2.630
2008-03-07,2.614
2008-03-14,2.597
2008-03-21,2.578
2008-03-28,2.559
2008-04-04,2.538
2008-04-11,2.518
2008-04-18,2.497
2008-04-25,2.476
2008-05-02,2.455
2008-05-09,2.435
2008-05-16,2.415
2008-05-23,2.395
2008-05-30,2.376
2008-06-06,2.358
2008-06-13,2.341
2008-06-20,2.324
2008-06-27,2.308
2008-07-04,2.293
2008-07-11,2.279
2008-07-18,2.264
2008-07-25,2.250
2008-08-01,2.237
2008-08-08,2.224
2008-08-15,2.210
2008-08-22,2.197
2008-08-29,2.183
2008-09-05,2.169
2008-09-12,2.155
2008-09-19,2.139
2008-09-26,2.122
2008-10-03,2.104
2008-10-10,2.085
2008-10-17,2.063
2008-10-24,2.040
2008-10-31,2.014
2008-11-07,1.986
2008-11-14,1.955
2008-11-21,1.923
2008-11-28,1.887
2008-12-05,1.850
2008-12-12,1.810
2008-12-19,1.768
2008-12-26,1.725
2009-01-02,1.680
2009-01-09,1.633
2009-01-16,1.586
2009-01-23,1.538
2009-01-30,1.489
2009-02-06,1.440
2009-02-13,1.391
2009-02-20,1.341
2009-02-27,1.292
2009-03-06,1.242
2009-03-13,1.192
2009-03-20,1.141
2009-03-27,1.091
2009-04-03,1.040
2009-04-10,0.989
2009-04-17,0.938
2009-04-24,0.886
2009-05-01,0.834
2009-05-08,0.781
2009-05-15,0.728
2009-05-22,0.674
2009-05-29,0.620
2009-06-05,0.566
2009-06-12,0.512
2009-06-19,0.458
2009-06-26,0.404
2009-07-03,0.350
2009-07-10,0.298
2009-07-17,0.247
2009-07-24,0.198
2009-07-31,0.151
2009-08-07,0.105
2009-08-14,0.062
2009-08-21,0.021
2009-08-28,-0.018
2009-09-04,-0.054
2009-09-11,-0.088
2009-09-18,-0.120
2009-09-25,-0.149
2009-10-02,-0.178
2009-10-09,-0.204
2009-10-16,-0.229
2009-10-23,-0.254
2009-10-30,-0.277
2009-11-06,-0.300
2009-11-13,-0.322
2009-11-20,-0.344
2009-11-27,-0.366
2009-12-04,-0.388
2009-12-11,-0.411
2009-12-18,-0.433
2009-12-25,-0.456
2010-01-01,-0.480
2010-01-08,-0.503
2010-01-15,-0.527
2010-01-22,-0.552
2010-01-29,-0.577
2010-02-05,-0.602
2010-02-12,-0.628
2010-02-19,-0.654
2010-02-26,-0.680
2010-03-05,-0.706
2010-03-12,-0.731
2010-03-19,-0.756
2010-03-26,-0.781
2010-04-02,-0.805
2010-04-09,-0.828
2010-04-16,-0.849
2010-04-23,-0.869
2010-04-30,-0.888
2010-05-07,-0.905
2010-05-14,-0.920
2010-05-21,-0.934
2010-05-28,-0.946
2010-06-04,-0.956
2010-06-11,-0.966
2010-06-18,-0.974
2010-06-25,-0.981
2010-07-02,-0.987
2010-07-09,-0.993
2010-07-16,-0.999
2010-07-23,-1.005
2010-07-30,-1.012
2010-08-06,-1.020
2010-08-13,-1.028
2010-08-20,-1.038
2010-08-27,-1.048
2010-09-03,-1.059
2010-09-10,-1.072
2010-09-17,-1.085
2010-09-24,-1.099
2010-10-01,-1.113
2010-10-08,-1.128
2010-10-15,-1.142
2010-10-22,-1.156
2010-10-29,-1.169
2010-11-05,-1.182
2010-11-12,-1.194
2010-11-19,-1.204
2010-11-26,-1.214
2010-12-03,-1.222
2010-12-10,-1.229
2010-12-17,-1.234
2010-12-24,-1.239
2010-12-31,-1.242
2011-01-07,-1.245
2011-01-14,-1.247
2011-01-21,-1.249
2011-01-28,-1.250
2011-02-04,-1.251
2011-02-11,-1.252
2011-02-18,-1.253
2011-02-25,-1.254
2011-03-04,-1.256
2011-03-11,-1.257
2011-03-18,-1.259
2011-03-25,-1.262
2011-04-01,-1.265
2011-04-08,-1.268
2011-04-15,-1.271
2011-04-22,-1.275
2011-04-29,-1.279
2011-05-06,-1.284
2011-05-13,-1.289
2011-05-20,-1.294
2011-05-27,-1.299
2011-06-03,-1.304
2011-06-10,-1.310
2011-06-17,-1.315
2011-06-24,-1.321
2011-07-01,-1.327
2011-07-08,-1.333
2011-07-15,-1.338
2011-07-22,-1.344
2011-07-29,-1.350
2011-08-05,-1.356
2011-08-12,-1.362
2011-08-19,-1.368
2011-08-26,-1.374
2011-09-02,-1.380
2011-09-09,-1.386
2011-09-16,-1.393
2011-09-23,-1.399
2011-09-30,-1.406
2011-10-07,-1.412
2011-10-14,-1.419
2011-10-21,-1.425
2011-10-28,-1.432
2011-11-04,-1.438
2011-11-11,-1.444
2011-11-18,-1.450
2011-11-25,-1.456
2011-12-02,-1.462
2011-12-09,-1.467
2011-12-16,-1.471
2011-12-23,-1.476
2011-12-30,-1.479
2012-01-06,-1.482
2012-01-13,-1.485
2012-01-20,-1.486
2012-01-27,-1.487
2012-02-03,-1.487
2012-02-10,-1.486
2012-02-17,-1.484
2012-02-24,-1.481
2012-03-02,-1.477
2012-03-09,-1.473
2012-03-16,-1.467
2012-03-23,-1.462
2012-03-30,-1.456
2012-04-06,-1.449
2012-04-13,-1.443
2012-04-20,-1.436
2012-04-27,-1.430
2012-05-04,-1.424
2012-05-11,-1.419
2012-05-18,-1.414
2012-05-25,-1.410
2012-06-01,-1.406
2012-06-08,-1.403
2012-06-15,-1.400
2012-06-22,-1.398
2012-06-29,-1.397
2012-07-06,-1.396
2012-07-13,-1.395
2012-07-20,-1.395
2012-07-27,-1.395
2012-08-03,-1.395
2012-08-10,-1.396
2012-08-17,-1.397
2012-08-24,-1.398
2012-08-31,-1.400
2012-09-07,-1.401
2012-09-14,-1.403
2012-09-21,-1.405
2012-09-28,-1.406
2012-10-05,-1.408
2012-10-12,-1.410
2012-10-19,-1.412
2012-10-26,-1.414
2012-11-02,-1.416
2012-11-09,-1.417
2012-11-16,-1.419
2012-11-23,-1.420
2012-11-30,-1.421
2012-12-07,-1.422
2012-12-14,-1.423
2012-12-21,-1.423
2012-12-28,-1.423
2013-01-04,-1.422
2013-01-11,-1.420
2013-01-18,-1.418
2013-01-25,-1.415
2013-02-01,-1.412
2013-02-08,-1.407
2013-02-15,-1.401
2013-02-22,-1.395
2013-03-01,-1.388
2013-03-08,-1.380
2013-03-15,-1.372
2013-03-22,-1.362
2013-03-29,-1.353
2013-04-05,-1.343
2013-04-12,-1.333
2013-04-19,-1.323
2013-04-26,-1.314
2013-05-03,-1.304
2013-05-10,-1.295
2013-05-17,-1.286
2013-05-24,-1.278
2013-05-31,-1.270
2013-06-07,-1.263
2013-06-14,-1.257
2013-06-21,-1.250
2013-06-28,-1.245
2013-07-05,-1.239
2013-07-12,-1.234
2013-07-19,-1.230
2013-07-26,-1.225
2013-08-02,-1.221
2013-08-09,-1.217
2013-08-16,-1.213
2013-08-23,-1.209
2013-08-30,-1.205
2013-09-06,-1.201
2013-09-13,-1.197
2013-09-20,-1.192
2013-09-27,-1.188
2013-10-04,-1.183
2013-10-11,-1.178
2013-10-18,-1.173
2013-10-25,-1.167
2013-11-01,-1.162
2013-11-08,-1.156
2013-11-15,-1.151
2013-11-22,-1.145
2013-11-29,-1.140
2013-12-06,-1.134
2013-12-13,-1.129
2013-12-20,-1.124
2013-12-27,-1.119
2014-01-03,-1.115
2014-01-10,-1.111
2014-01-17,-1.108
2014-01-24,-1.106
2014-01-31,-1.104
2014-02-07,-1.103
2014-02-14,-1.103
2014-02-21,-1.104
2014-02-28,-1.105
2014-03-07,-1.107
2014-03-14,-1.110
2014-03-21,-1.113
2014-03-28,-1.116
2014-04-04,-1.119
2014-04-11,-1.123
2014-04-18,-1.126
2014-04-25,-1.128
2014-05-02,-1.130
2014-05-09,-1.131
2014-05-16,-1.131
2014-05-23,-1.131
2014-05-30,-1.130
2014-06-06,-1.127
2014-06-13,-1.124
2014-06-20,-1.120
2014-06-27,-1.116
2014-07-04,-1.110
2014-07-11,-1.104
2014-07-18,-1.098
2014-07-25,-1.091
2014-08-01,-1.083
2014-08-08,-1.075
2014-08-15,-1.067
2014-08-22,-1.059
2014-08-29,-1.051
2014-09-05,-1.042
2014-09-12,-1.034
2014-09-19,-1.025
2014-09-26,-1.017
2014-10-03,-1.008
2014-10-10,-1.000
2014-10-17,-0.992
2014-10-24,-0.985
2014-10-31,-0.978
2014-11-07,-0.971
2014-11-14,-0.964
2014-11-21,-0.958
2014-11-28,-0.952
2014-12-05,-0.947
2014-12-12,-0.941
2014-12-19,-0.936
2014-12-26,-0.932
2015-01-02,-0.927
2015-01-09,-0.923
2015-01-16,-0.918
2015-01-23,-0.914
2015-01-30,-0.910
2015-02-06,-0.906
2015-02-13,-0.901
2015-02-20,-0.897
2015-02-27,-0.893
2015-03-06,-0.889
2015-03-13,-0.885
2015-03-20,-0.880
2015-03-27,-0.876
2015-04-03,-0.871
2015-04-10,-0.867
2015-04-17,-0.862
2015-04-24,-0.857
2015-05-01,-0.852
2015-05-08,-0.847
2015-05-15,-0.842
2015-05-22,-0.837
2015-05-29,-0.832
2015-06-05,-0.827
2015-06-12,-0.821
2015-06-19,-0.816
2015-06-26,-0.810
2015-07-03,-0.805
2015-07-10,-0.799
2015-07-17,-0.794
2015-07-24,-0.789
2015-07-31,-0.783
2015-08-07,-0.778
2015-08-14,-0.773
2015-08-21,-0.767
2015-08-28,-0.762
2015-09-04,-0.757
2015-09-11,-0.752
2015-09-18,-0.746
2015-09-25,-0.741
2015-10-02,-0.736
2015-10-09,-0.731
2015-10-16,-0.726
2015-10-23,-0.721
2015-10-30,-0.716
2015-11-06,-0.711
2015-11-13,-0.706
2015-11-20,-0.702
2015-11-27,-0.697
2015-12-04,-0.692
2015-12-11,-0.688
2015-12-18,-0.684
2015-12-25,-0.679
2016-01-01,-0.675
2016-01-08,-0.671
2016-01-15,-0.667
2016-01-22,-0.664
2016-01-29,-0.660
2016-02-05,-0.657
2016-02-12,-0.654
2016-02-19,-0.652
2016-02-26,-0.649
2016-03-04,-0.647
2016-03-11,-0.645
2016-03-18,-0.643
2016-03-25,-0.641
2016-04-01,-0.640
2016-04-08,-0.639
2016-04-15,-0.637
2016-04-22,-0.636
2016-04-29,-0.635
2016-05-06,-0.634
2016-05-13,-0.633
2016-05-20,-0.632
2016-05-27,-0.631
2016-06-03,-0.630
2016-06-10,-0.630
2016-06-17,-0.629
2016-06-24,-0.628
2016-07-01,-0.627
2016-07-08,-0.627
2016-07-15,-0.626
2016-07-22,-0.626
2016-07-29,-0.625
2016-08-05,-0.625
2016-08-12,-0.624
2016-08-19,-0.624
2016-08-26,-0.624
2016-09-02,-0.624
2016-09-09,-0.624
2016-09-16,-0.623
2016-09-23,-0.623
2016-09-30,-0.623
2016-10-07,-0.622
2016-10-14,-0.622
2016-10-21,-0.621
2016-10-28,-0.620
2016-11-04,-0.618
2016-11-11,-0.617
2016-11-18,-0.615
2016-11-25,-0.612
2016-12-02,-0.610
2016-12-09,-0.607
2016-12-16,-0.604
2016-12-23,-0.600
2016-12-30,-0.596
2017-01-06,-0.593
2017-01-13,-0.589
2017-01-20,-0.585
2017-01-27,-0.581
2017-02-03,-0.577
2017-02-10,-0.573
2017-02-17,-0.569
2017-02-24,-0.566
2017-03-03,-0.563
2017-03-10,-0.560
2017-03-17,-0.557
2017-03-24,-0.554
2017-03-31,-0.552
2017-04-07,-0.550
2017-04-14,-0.548
2017-04-21,-0.546
2017-04-28,-0.545
2017-05-05,-0.544
2017-05-12,-0.544
2017-05-19,-0.543
2017-05-26,-0.543
2017-06-02,-0.544
2017-06-09,-0.544
2017-06-16,-0.545
2017-06-23,-0.546
2017-06-30,-0.548
2017-07-07,-0.549
2017-07-14,-0.551
2017-07-21,-0.553
2017-07-28,-0.554
2017-08-04,-0.556
2017-08-11,-0.558
2017-08-18,-0.560
2017-08-25,-0.562
2017-09-01,-0.563
2017-09-08,-0.565
2017-09-15,-0.566
2017-09-22,-0.567
2017-09-29,-0.568
2017-10-06,-0.568
2017-10-13,-0.568
2017-10-20,-0.568
2017-10-27,-0.567
2017-11-03,-0.566
2017-11-10,-0.563
2017-11-17,-0.561
2017-11-24,-0.557
2017-12-01,-0.553
2017-12-08,-0.549
2017-12-15,-0.544
2017-12-22,-0.538
2017-12-29,-0.532
2018-01-05,-0.525
2018-01-12,-0.518
2018-01-19,-0.511
2018-01-26,-0.504
2018-02-02,-0.496
2018-02-09,-0.489
2018-02-16,-0.481
2018-02-23,-0.474
2018-03-02,-0.466
2018-03-09,-0.458
2018-03-16,-0.451
2018-03-23,-0.444
2018-03-30,-0.437
2018-04-06,-0.430
2018-04-13,-0.423
2018-04-20,-0.417
2018-04-27,-0.412
2018-05-04,-0.406
2018-05-11,-0.402
2018-05-18,-0.397
2018-05-25,-0.393
2018-06-01,-0.390
2018-06-08,-0.387
2018-06-15,-0.384
2018-06-22,-0.382
2018-06-29,-0.380
2018-07-06,-0.378
2018-07-13,-0.376
2018-07-20,-0.374
2018-07-27,-0.373
2018-08-03,-0.371
2018-08-10,-0.370
2018-08-17,-0.369
2018-08-24,-0.367
2018-08-31,-0.366
2018-09-07,-0.364
2018-09-14,-0.363
2018-09-21,-0.362
2018-09-28,-0.360
2018-10-05,-0.359
2018-10-12,-0.358
2018-10-19,-0.357
2018-10-26,-0.356
2018-11-02,-0.356
2018-11-09,-0.356
2018-11-16,-0.356
2018-11-23,-0.357
2018-11-30,-0.358
2018-12-07,-0.360
2018-12-14,-0.363
2018-12-21,-0.366
2018-12-28,-0.369
2019-01-04,-0.374
2019-01-11,-0.379
2019-01-18,-0.384
2019-01-25,-0.391
2019-02-01,-0.398
2019-02-08,-0.406
2019-02-15,-0.414
2019-02-22,-0.423
2019-03-01,-0.433
2019-03-08,-0.443
2019-03-15,-0.453
2019-03-22,-0.464
2019-03-29,-0.475
2019-04-05,-0.485
2019-04-12,-0.496
2019-04-19,-0.506
2019-04-26,-0.516
2019-05-03,-0.525
2019-05-10,-0.534
2019-05-17,-0.542
2019-05-24,-0.550
2019-05-31,-0.557
2019-06-07,-0.563
2019-06-14,-0.569
2019-06-21,-0.575
2019-06-28,-0.580
2019-07-05,-0.585
2019-07-12,-0.590
2019-07-19,-0.595
2019-07-26,-0.599
2019-08-02,-0.604
2019-08-09,-0.609
2019-08-16,-0.614
2019-08-23,-0.619
2019-08-30,-0.624
2019-09-06,-0.629
2019-09-13,-0.635
2019-09-20,-0.640
2019-09-27,-0.645
2019-10-04,-0.650
2019-10-11,-0.654
2019-10-18,-0.658
2019-10-25,-0.661
2019-11-01,-0.664
2019-11-08,-0.665
2019-11-15,-0.666
2019-11-22,-0.665
2019-11-29,-0.662
2019-12-06,-0.659
2019-12-13,-0.654
2019-12-20,-0.648
2019-12-27,-0.640
2020-01-03,-0.632
2020-01-10,-0.624
2020-01-17,-0.615
2020-01-24,-0.606
2020-01-31,-0.598
2020-02-07,-0.592
2020-02-14,-0.586
2020-02-21,-0.583
2020-02-28,-0.582
2020-03-06,-0.584
2020-03-13,-0.590
2020-03-20,-0.600
2020-03-27,-0.615
2020-04-03,-0.635
2020-04-10,-0.661
2020-04-17,-0.693
2020-04-24,-0.732
2020-05-01,-0.778
2020-05-08,-0.831
2020-05-15,-0.891
2020-05-22,-0.958
2020-05-29,-1.031
2020-06-05,-1.109
2020-06-12,-1.191
2020-06-19,-1.275
2020-06-26,-1.361
2020-07-03,-1.447
2020-07-10,-1.530
2020-07-17,-1.609
2020-07-24,-1.683
2020-07-31,-1.751
2020-08-07,-1.810
2020-08-14,-1.862
2020-08-21,-1.905
2020-08-28,-1.938
2020-09-04,-1.963
2020-09-11,-1.980
2020-09-18,-1.989
2020-09-25,-1.991
2020-10-02,-1.987
2020-10-09,-1.978
2020-10-16,-1.965
2020-10-23,-1.949
2020-10-30,-1.932
2020-11-06,-1.913
2020-11-13,-1.895
2020-11-20,-1.877
2020-11-27,-1.860
2020-12-04,-1.845
2020-12-11,-1.831
2020-12-18,-1.819
2020-12-25,-1.809
2021-01-01,-1.800
2021-01-08,-1.793
2021-01-15,-1.788
2021-01-22,-1.783
2021-01-29,-1.779
2021-02-05,-1.775
2021-02-12,-1.771
2021-02-19,-1.767
2021-02-26,-1.762
2021-03-05,-1.756
2021-03-12,-1.749
2021-03-19,-1.741
2021-03-26,-1.731
2021-04-02,-1.719
2021-04-09,-1.706
2021-04-16,-1.691
2021-04-23,-1.675
2021-04-30,-1.657
2021-05-07,-1.638
2021-05-14,-1.618
2021-05-21,-1.596
2021-05-28,-1.574
2021-06-04,-1.552
2021-06-11,-1.529
2021-06-18,-1.506
2021-06-25,-1.483
2021-07-02,-1.460
2021-07-09,-1.438
2021-07-16,-1.417
2021-07-23,-1.397
2021-07-30,-1.379
2021-08-06,-1.362
2021-08-13,-1.346
2021-08-20,-1.333
2021-08-27,-1.321
2021-09-03,-1.311
2021-09-10,-1.302
2021-09-17,-1.294
2021-09-24,-1.287
2021-10-01,-1.281
2021-10-08,-1.276
2021-10-15,-1.271
2021-10-22,-1.265
2021-10-29,-1.259
2021-11-05,-1.252
2021-11-12,-1.244
2021-11-19,-1.236
2021-11-26,-1.226
2021-12-03,-1.214
2021-12-10,-1.202
2021-12-17,-1.188
2021-12-24,-1.174
2021-12-31,-1.158
2022-01-07,-1.142
2022-01-14,-1.125
2022-01-21,-1.107
2022-01-28,-1.090
2022-02-04,-1.072
2022-02-11,-1.054
2022-02-18,-1.036
2022-02-25,-1.018
2022-03-04,-1.001
2022-03-11,-0.984
2022-03-18,-0.967
2022-03-25,-0.951
2022-04-01,-0.935
2022-04-08,-0.920
2022-04-15,-0.906
2022-04-22,-0.892
2022-04-29,-0.878
2022-05-06,-0.865
2022-05-13,-0.853
2022-05-20,-0.841
2022-05-27,-0.830
2022-06-03,-0.819
2022-06-10,-0.808
2022-06-17,-0.798
2022-06-24,-0.788
2022-07-01,-0.778
2022-07-08,-0.768
2022-07-15,-0.759
2022-07-22,-0.751
2022-07-29,-0.743
2022-08-05,-0.735
2022-08-12,-0.728
2022-08-19,-0.721
2022-08-26,-0.714
2022-09-02,-0.709
2022-09-09,-0.704
2022-09-16,-0.700
2022-09-23,-0.696
2022-09-30,-0.693
2022-10-07,-0.691
2022-10-14,-0.690
2022-10-21,-0.690
2022-10-28,-0.691
2022-11-04,-0.692
2022-11-11,-0.695
2022-11-18,-0.699
2022-11-25,-0.703
2022-12-02,-0.708
2022-12-09,-0.714
2022-12-16,-0.721
2022-12-23,-0.728
2022-12-30,-0.735
2023-01-06,-0.742
2023-01-13,-0.750
2023-01-20,-0.757
2023-01-27,-0.764
2023-02-03,-0.771
2023-02-10,-0.777
2023-02-17,-0.782
2023-02-24,-0.787
2023-03-03,-0.792
2023-03-10,-0.796
2023-03-17,-0.799
2023-03-24,-0.802
2023-03-31,-0.805
2023-04-07,-0.807
2023-04-14,-0.810
2023-04-21,-0.812
2023-04-28,-0.815
2023-05-05,-0.817
2023-05-12,-0.820
2023-05-19,-0.823
2023-05-26,-0.827
2023-06-02,-0.831
2023-06-09,-0.835
2023-06-16,-0.839
2023-06-23,-0.843
2023-06-30,-0.848
2023-07-07,-0.852
2023-07-14,-0.856
2023-07-21,-0.860
2023-07-28,-0.864
2023-08-04,-0.867
2023-08-11,-0.870
2023-08-18,-0.872
2023-08-25,-0.873
2023-09-01,-0.873
2023-09-08,-0.873
2023-09-15,-0.873
2023-09-22,-0.871
2023-09-29,-0.870
2023-10-06,-0.867
2023-10-13,-0.865
2023-10-20,-0.862
2023-10-27,-0.859
2023-11-03,-0.856
2023-11-10,-0.853
2023-11-17,-0.850
2023-11-24,-0.847
2023-12-01,-0.844
2023-12-08,-0.841
2023-12-15,-0.839
2023-12-22,-0.837
2023-12-29,-0.835
2024-01-05,-0.833
2024-01-12,-0.832
2024-01-19,-0.831
2024-01-26,-0.830
2024-02-02,-0.829
2024-02-09,-0.829
2024-02-16,-0.828
2024-02-23,-0.828
2024-03-01,-0.828
2024-03-08,-0.829
2024-03-15,-0.829
2024-03-22,-0.829
2024-03-29,-0.829
2024-04-05,-0.830
2024-04-12,-0.830
2024-04-19,-0.830
2024-04-26,-0.830
2024-05-03,-0.829
2024-05-10,-0.829
2024-05-17,-0.829
2024-05-24,-0.828
2024-05-31,-0.828
2024-06-07,-0.828
2024-06-14,-0.828
2024-06-21,-0.828
2024-06-28,-0.828
2024-07-05,-0.828
2024-07-12,-0.829
2024-07-19,-0.830
2024-07-26,-0.831
2024-08-02,-0.833
2024-08-09,-0.835
2024-08-16,-0.837
2024-08-23,-0.839
2024-08-30,-0.842
2024-09-06,-0.844
2024-09-13,-0.847
2024-09-20,-0.849
2024-09-27,-0.851
2024-10-04,-0.852
2024-10-11,-0.852
2024-10-18,-0.852
2024-10-25,-0.851
2024-11-01,-0.848
2024-11-08,-0.844
2024-11-15,-0.839
2024-11-22,-0.833
2024-11-29,-0.825
2024-12-06,-0.816
2024-12-13,-0.807
2024-12-20,-0.796
2024-12-27,-0.785
2025-01-03,-0.773
2025-01-10,-0.761
2025-01-17,-0.750
2025-01-24,-0.738
2025-01-31,-0.727
2025-02-07,-0.717
2025-02-14,-0.707
2025-02-21,-0.698
2025-02-28,-0.690
2025-03-07,-0.682
2025-03-14,-0.676
2025-03-21,-0.670
2025-03-28,-0.665
2025-04-04,-0.660
2025-04-11,-0.656
2025-04-18,-0.652
2025-04-25,-0.649
2025-05-02,-0.645
2025-05-09,-0.642
2025-05-16,-0.639
2025-05-23,-0.636
2025-05-30,-0.632
2025-06-06,-0.629
2025-06-13,-0.625
2025-06-20,-0.621
2025-06-27,-0.616
2025-07-04,-0.612
2025-07-11,-0.607
2025-07-18,-0.602
2025-07-25,-0.596
2025-08-01,-0.591
2025-08-08,-0.585
2025-08-15,-0.579
2025-08-22,-0.573
2025-08-29,-0.567
2025-09-05,-0.561
2025-09-12,-0.555
2025-09-19,-0.549
2025-09-26,-0.543
2025-10-03,-0.537
2025-10-10,-0.531
2025-10-17,-0.525
2025-10-24,-0.519
2025-10-31,-0.514
2025-11-07,-0.509
2025-11-14,-0.503
2025-11-21,-0.498
2025-11-28,-0.494
2025-12-05,-0.489
2025-12-12,-0.485
2025-12-19,-0.481
2025-12-26,-0.476
2026-01-02,-0.472
2026-01-09,-0.469
2026-01-16,-0.465
2026-01-23,-0.461
2026-01-30,-0.457
2026-02-06,-0.454
2026-02-13,-0.450
2026-02-20,-0.446
2026-02-27,-0.443
2026-03-06,-0.439
2026-03-13,-0.435
2026-03-20,-0.432
2026-03-27,-0.428
2026-04-03,-0.424
2026-04-10,-0.421
2026-04-17,-0.417